CLUSTER,INFECTION_RATE,HOSPITALISATION_RATE,TEST_POS_PERCENTAGE
1,0.5664869787353529,15.078741504747946,5.157667480171966
2,0.6823609914107485,0.8695887103328059,6.5977641171717565
3,0.5647127735762388,2.981810493511693,4.834405131968889
4,0.6593601378299663,0.4306813115925669,4.760351584412999
