CLUSTER,INFECTION_RATE,HOSPITALISATION_RATE,TEST_POS_PERCENTAGE
1,0.5835792032585665,13.71674861191884,3.8561425132275216
2,0.5888163255063525,1.2138395221107634,3.470739626338578
3,0.6083498605558831,3.8552760950616487,2.441881748534701
4,0.6597295586541703,0.4785267854064913,1.682408044637837
