CLUSTER,INFECTION_RATE,HOSPITALISATION_RATE,TEST_POS_PERCENTAGE
1,0.6006322704480038,10.45089180821446,5.285461600124966
2,0.6830288596235399,1.5180733550280665,6.4515340602675
3,0.5450602930499746,1.7609184177578092,4.363766900384024
4,0.695287658951921,0.1771165426850867,4.957158219724564
