CLUSTER,INFECTION_RATE,HOSPITALISATION_RATE,TEST_POS_PERCENTAGE
1,0.5880080354732019,9.415563476396281,5.190103152067061
2,0.6829838064608079,1.2455380416914974,6.451695279231911
3,0.5475270820194672,1.4228219736062615,4.216376244030404
4,0.695287658951921,0.1771165426850867,4.957300562382836
